Category Name,CategoryID,Product Name,ProductID,Product Image Url,allImageUrls(5<),Product Url,originalPrice($),salePrice($),Commission Rate,Out of Stock Date,Discount,Click url
Swimwears,200001918,Rivertrip Bandeau Women's Suit Swimsuits 2022 High Waist Underwear Female Set Ribbed Swimwear Beach Wear Summer Casual Bikinis,1005003367962164,https://ae01.alicdn.com/kf/H71697117c30a40f7ad1dd2f53121f841s/Rivertrip-Bandeau-Women-s-Suit-Swimsuits-2022-High-Waist-Underwear-Female-Set-Ribbed-Swimwear-Beach-Wear.jpg_220x220.jpg,"https://ae04.alicdn.com/kf/H71697117c30a40f7ad1dd2f53121f841s.jpg,https://ae04.alicdn.com/kf/Hf2c302f27a784371bf00fd071c7c67ec5.jpg,https://ae04.alicdn.com/kf/Ha7a32a2ebb5b42dbada5ec9a0b7639412.jpg,https://ae04.alicdn.com/kf/H107d5366fcba4c7dbe990e36d2f92405k.jpg,",https://www.aliexpress.com/item/1005003367962164.html,25.01,12.50,15.00%,2098-12-31,50%,https://s.click.aliexpress.com/e/_A19eKV
Swimwears,200001918,Rivertrip Floral Print Women's Bikinis 2022 Stripe Swimsuits Beachwear Bath Suits High Waist Swimwear Biquinis Ruffle Plage Wear,1005003368047787,https://ae01.alicdn.com/kf/Hf1c08ad1a860432ca70a3b58bf284b7bB/Rivertrip-Floral-Print-Women-s-Bikinis-2022-Stripe-Swimsuits-Beachwear-Bath-Suits-High-Waist-Swimwear-Biquinis.jpg_220x220.jpg,"https://ae04.alicdn.com/kf/Hf1c08ad1a860432ca70a3b58bf284b7bB.jpg,https://ae04.alicdn.com/kf/H145a1d8d949346fca4af22bbfaa490dac.jpg,https://ae04.alicdn.com/kf/H7416c6091313437daeb0c41eaf176319B.jpg,",https://www.aliexpress.com/item/1005003368047787.html,26.25,13.12,15.00%,2098-12-31,50%,https://s.click.aliexpress.com/e/_9JBSRn
Swimwears,200001918,Riseado Push Up Sexy Bikinis Women High Waist Beach Swimsuit Striped Swimwear Ruffle Biquini Female Set Knotted Bathing Suit New,1005003368810343,https://ae01.alicdn.com/kf/H5501341093e545ce880cd1080ab0ad8ed/Riseado-Push-Up-Sexy-Bikinis-Women-High-Waist-Beach-Swimsuit-Striped-Swimwear-Ruffle-Biquini-Female-Set.jpg_220x220.jpg,"https://ae04.alicdn.com/kf/H5501341093e545ce880cd1080ab0ad8ed.jpg,https://ae04.alicdn.com/kf/H320baeaa4352477fa2d0a69da1adddafq.jpg,https://ae04.alicdn.com/kf/H06d3e293e59c4a05863001a1b070a587Y.jpg,https://ae04.alicdn.com/kf/H4dc52a97b4e0486390af5865a25b3fe0v.jpg,",https://www.aliexpress.com/item/1005003368810343.html,21.88,12.69,9.00%,2098-12-31,42%,https://s.click.aliexpress.com/e/_Adyg7r
Swimwears,200001918,Swimsuit Women Sexy Swimwear Orange String Bikini Set Plus Up Bathing Suit Female Designer Brazil Ladies Swimming Suit for Women,1005003368384872,https://ae01.alicdn.com/kf/Hc6b91062efe6469db6d9cc125983b385V/Swimsuit-Women-Sexy-Swimwear-Orange-String-Bikini-Set-Plus-Up-Bathing-Suit-Female-Designer-Brazil-Ladies.jpg_220x220.jpg,"https://ae04.alicdn.com/kf/Hc6b91062efe6469db6d9cc125983b385V.jpg,https://ae04.alicdn.com/kf/H107e0772e1ee4cca82ff226dcb6b6ec28.jpg,https://ae04.alicdn.com/kf/H954f543128c54b36b9567b321c0b9149a.jpg,https://ae04.alicdn.com/kf/H19bdbc3edf664b8da8c62a0e9baa4487b.jpg,https://ae04.alicdn.com/kf/H45fa6ce3befe4e6691c15f49326ff147i.jpg,",https://www.aliexpress.com/item/1005003368384872.html,39.92,19.96,9.00%,2098-12-31,50%,https://s.click.aliexpress.com/e/_A1bCyp
Swimwears,200001918,Riseado Sexy Bikinis Women Solid Swimwear 2021 Wrap Beach Swimsuit Push Up Female Set String Strap Brazilian Biquini Fashion New,1005003368295246,https://ae01.alicdn.com/kf/H2c2c06d587d5450b995909920799fc8bA/Riseado-Sexy-Bikinis-Women-Solid-Swimwear-2021-Wrap-Beach-Swimsuit-Push-Up-Female-Set-String-Strap.jpg_220x220.jpg,"https://ae04.alicdn.com/kf/H2c2c06d587d5450b995909920799fc8bA.jpg,https://ae04.alicdn.com/kf/H232e0b4214ae4d4b849e54326bbd4159w.jpg,https://ae04.alicdn.com/kf/H5b27d578d6664a719078f0d043c9bcc80.jpg,https://ae04.alicdn.com/kf/H803dc91facc6437b9a34f10350290127s.jpg,https://ae04.alicdn.com/kf/H33e96fa0684f4ca5bc936a2267f89d80C.jpg,",https://www.aliexpress.com/item/1005003368295246.html,21.80,12.64,9.00%,2098-12-31,42%,https://s.click.aliexpress.com/e/_AXi91P
Swimwears,200001918,Sexy Womens Bikini Cover Up  Beachwear Beach Dress Long Sleeve Kaftan Ladies Cardigan Short Mini Dresses Beachwear Swimwear,1005003368743077,https://ae01.alicdn.com/kf/Hb519a4037aa74c54837841968d8b9bf4G/Sexy-Womens-Bikini-Cover-Up-Beachwear-Beach-Dress-Long-Sleeve-Kaftan-Ladies-Cardigan-Short-Mini-Dresses.jpg_220x220.jpg,"https://ae04.alicdn.com/kf/Hb519a4037aa74c54837841968d8b9bf4G.jpg,https://ae04.alicdn.com/kf/Hee3a030a3d3e47858519d5ee9927b679R.jpg,https://ae04.alicdn.com/kf/H99439cf029944c28a4cf51eb1d799e5eY.jpg,https://ae04.alicdn.com/kf/H800eba2240db43bdb7de7e866f453eacl.jpg,https://ae04.alicdn.com/kf/H4ed1f1862adc4d26a2890224314a2a8cG.jpg,",https://www.aliexpress.com/item/1005003368743077.html,5.71,3.08,20.00%,2098-12-31,46%,https://s.click.aliexpress.com/e/_AkAroV
Swimwears,200001918,Riseado Ribbed Women's Bikini Sexy High Waist Swimwear Criss Cross Women Beach Swimsuit 2021 Push Up Biquini Solid Bikinis Set,1005003368723845,https://ae01.alicdn.com/kf/Hbfe0154012e64f7e98689c840fed8950S/Riseado-Ribbed-Women-s-Bikini-Sexy-High-Waist-Swimwear-Criss-Cross-Women-Beach-Swimsuit-2021-Push.jpg_220x220.jpg,"https://ae04.alicdn.com/kf/Hbfe0154012e64f7e98689c840fed8950S.jpg,https://ae04.alicdn.com/kf/H9a4a84b962ce4f43a9ccd1f28d1fa6c2X.jpg,https://ae04.alicdn.com/kf/H081f83e5cd2948c2aa5514b2e5024d9dd.jpg,https://ae04.alicdn.com/kf/Ha0633c374c7f425fafe173fd2e4b82ccB.jpg,https://ae04.alicdn.com/kf/Hb70c9a58b4234287a0f0c3bbd859b8ebO.jpg,",https://www.aliexpress.com/item/1005003368723845.html,21.14,12.26,9.00%,2098-12-31,42%,https://s.click.aliexpress.com/e/_A4Fv2D
Swimwears,200001918,Riseado Bandeau Bikini Set Ribbed Women Beach Swimsuit High Waist Women's Swimwear 2021 Solid Sexy Biquini Female Set Beach Wear,1005003368768105,https://ae01.alicdn.com/kf/H64966a9569554e13a2631e741c0cc36cg/Riseado-Bandeau-Bikini-Set-Ribbed-Women-Beach-Swimsuit-High-Waist-Women-s-Swimwear-2021-Solid-Sexy.jpg_220x220.jpg,"https://ae04.alicdn.com/kf/H64966a9569554e13a2631e741c0cc36cg.jpg,https://ae04.alicdn.com/kf/Hcd92ba1860104b6dabbc43157b0de9d28.jpg,https://ae04.alicdn.com/kf/Hbc14c76268c944609bacc9fcd8e1e6c0Y.jpg,https://ae04.alicdn.com/kf/H1c28fb1a112e45db81b19c3ee458a03ap.jpg,https://ae04.alicdn.com/kf/H52c0ac6bd23743c4b15b0ebe82297414F.jpg,",https://www.aliexpress.com/item/1005003368768105.html,20.85,12.09,9.00%,2098-12-31,42%,https://s.click.aliexpress.com/e/_9zJDUN
Swimwears,200001918,Rivertrip Sexy Bikini 2022 Women's Swimsuit Criss Coss Swimwear Beachwear High Waist Swimming Wear Solid Brazilian Biquini Black,1005003368038299,https://ae01.alicdn.com/kf/H4d619d781aa64b8c830aaa847a965efcD/Rivertrip-Sexy-Bikini-2022-Women-s-Swimsuit-Criss-Coss-Swimwear-Beachwear-High-Waist-Swimming-Wear-Solid.jpg_220x220.jpg,"https://ae04.alicdn.com/kf/H4d619d781aa64b8c830aaa847a965efcD.jpg,https://ae04.alicdn.com/kf/He403bd24feb140b4abc5a5820aa2eaf1C.jpg,https://ae04.alicdn.com/kf/H9f4bd19f98524ddf9950a43f42b81f34K.jpg,https://ae04.alicdn.com/kf/He49a7a396f454d7d887d7b2a5159940c3.jpg,https://ae04.alicdn.com/kf/H9b74a3c073334a3f9fe733682169b252g.jpg,",https://www.aliexpress.com/item/1005003368038299.html,25.37,12.68,15.00%,2098-12-31,50%,https://s.click.aliexpress.com/e/_AKxPHr
Swimwears,200001918,Plus Size Loose Beach Cover-up Casual Short Sleeve Blouse Black Beachwear Sexy Women Bikini Cover Up Bathing Suit,1005003368776078,https://ae01.alicdn.com/kf/H81d0afba37c0471b99ec4ecd0541ad2bi/Plus-Size-Loose-Beach-Cover-up-Casual-Short-Sleeve-Blouse-Black-Beachwear-Sexy-Women-Bikini-Cover.jpg_220x220.jpg,"https://ae04.alicdn.com/kf/H81d0afba37c0471b99ec4ecd0541ad2bi.jpg,https://ae04.alicdn.com/kf/Hd810b95527424c2f8f0fc1f2dcbf3d701.jpg,https://ae04.alicdn.com/kf/H4f6dbd871bba474882cbe3f8662e1f90f.jpg,https://ae04.alicdn.com/kf/H12bdba7164e94d758784ed369590597aH.jpg,https://ae04.alicdn.com/kf/H9e562f3da2504c879d1208939e3da348D.jpg,",https://www.aliexpress.com/item/1005003368776078.html,4.80,2.59,30.00%,2098-12-31,46%,https://s.click.aliexpress.com/e/_AeYAD7
Swimwears,200001918,ZTVitality Folds Bikini Set 2022 New Arrival Solid Push Up Padded Bra Swimsuit Women's Beachwear Sexy Swimwear Brazilian Biquini,1005003367994500,https://ae01.alicdn.com/kf/H6aa7e82c79e84cf798d4a764c7a491237/ZTVitality-Folds-Bikini-Set-2022-New-Arrival-Solid-Push-Up-Padded-Bra-Swimsuit-Women-s-Beachwear.jpg_220x220.jpg,"https://ae04.alicdn.com/kf/H6aa7e82c79e84cf798d4a764c7a491237.jpg,https://ae04.alicdn.com/kf/H20c664c37ba145eb9508542bc84d65751.jpg,https://ae04.alicdn.com/kf/H9b7c76a302d14c279e0d01813d1eea3dQ.jpg,https://ae04.alicdn.com/kf/Hd777a377f14449cfa7967e7c7c3762c2E.jpg,https://ae04.alicdn.com/kf/H41c8dfbc4e024ca584df611cfc98231fC.jpg,",https://www.aliexpress.com/item/1005003367994500.html,14.85,11.88,9.00%,2098-12-31,20%,https://s.click.aliexpress.com/e/_A3Pxjj
Swimwears,200001918,INGAGA Floral Print Bikinis Set Sexy Ruffled Woman Swimsuits High Waist Swimwear 2021 Striped Beachwear Bow Women's Suit,1005003367963776,https://ae01.alicdn.com/kf/H7b7ba29817bc4dec8cd3dbb3c7119934N/INGAGA-Floral-Print-Bikinis-Set-Sexy-Ruffled-Woman-Swimsuits-High-Waist-Swimwear-2021-Striped-Beachwear-Bow.jpg_220x220.jpg,"https://ae04.alicdn.com/kf/H7b7ba29817bc4dec8cd3dbb3c7119934N.jpg,https://ae04.alicdn.com/kf/H898ae2ee657b40e49bf67ff3b05bddaeA.jpg,https://ae04.alicdn.com/kf/H0874a0291d37446386ab00ece5456c744.jpg,https://ae04.alicdn.com/kf/H610a3b60e16745b6a345d9402a3c3f55p.jpg,",https://www.aliexpress.com/item/1005003367963776.html,21.88,12.69,9.00%,2098-12-31,42%,https://s.click.aliexpress.com/e/_AAU4e9
Swimwears,200001918,Summer Women Lady Lace Crochet Bikini Cover Up Kimono Cardigan Swimwear Kaftan Bathing Suit Long Sleeve Vacation Beach Dress,1005003368677528,https://ae01.alicdn.com/kf/H18a679875a6b497081e52c237e7e2f02c/Summer-Women-Lady-Lace-Crochet-Bikini-Cover-Up-Kimono-Cardigan-Swimwear-Kaftan-Bathing-Suit-Long-Sleeve.jpg_220x220.jpg,"https://ae04.alicdn.com/kf/H18a679875a6b497081e52c237e7e2f02c.jpg,https://ae04.alicdn.com/kf/He3da9a1c4fa74654ab6f3189a3cca9c9m.jpg,https://ae04.alicdn.com/kf/H721095d92e5c43b58e9568308cfe78aaQ.jpg,https://ae04.alicdn.com/kf/H106f9ebad9cf4a9e9f86cdcf619fb77ax.jpg,https://ae04.alicdn.com/kf/H28a0fa7c422345f590ee05ffe50ab0a0r.jpg,",https://www.aliexpress.com/item/1005003368677528.html,6.09,3.29,20.00%,2098-12-31,46%,https://s.click.aliexpress.com/e/_AlK48v
Swimwears,200001918,Riseado Tie Dye Women's Bikinis 2021 High Waist Swimwear Women Beach Swimsuit Push Up Sexy Bikini Set Wrap Brazilian Biquini New,1005003368153779,https://ae01.alicdn.com/kf/H389de374131944b683ec79e59a234dd6i/Riseado-Tie-Dye-Women-s-Bikinis-2021-High-Waist-Swimwear-Women-Beach-Swimsuit-Push-Up-Sexy.jpg_220x220.jpg,"https://ae04.alicdn.com/kf/H389de374131944b683ec79e59a234dd6i.jpg,https://ae04.alicdn.com/kf/H28cd71885951400ba6d2bef8cff752dfG.jpg,https://ae04.alicdn.com/kf/Hf775f6f55f3c4f2b9bf2f961cd2cffa6r.jpg,https://ae04.alicdn.com/kf/H618535730b4b4a5cbc1adcc2a22c0c138.jpg,https://ae04.alicdn.com/kf/H4ca0701f065e4f758c578277b8c97b4aZ.jpg,",https://www.aliexpress.com/item/1005003368153779.html,21.80,12.64,9.00%,2098-12-31,42%,https://s.click.aliexpress.com/e/_9g5yLR
Swimwears,200001918,Sexy Lace Crochet Women Beach Bikini Cover Up Long Maxi Dress Hollow Out Loose Robe Sarong Kaftan Swimsuit Beach Wear,1005003368748248,https://ae01.alicdn.com/kf/Hf3c182f8da744fa98ac92fc5ea61b5350/Sexy-Lace-Crochet-Women-Beach-Bikini-Cover-Up-Long-Maxi-Dress-Hollow-Out-Loose-Robe-Sarong.jpg_220x220.jpg,"https://ae04.alicdn.com/kf/Hf3c182f8da744fa98ac92fc5ea61b5350.jpg,https://ae04.alicdn.com/kf/Hf238acf4dbea4623a9e40c8017853834a.jpg,https://ae04.alicdn.com/kf/H2b5e9b8800ad4289876c994f52f2c6de6.jpg,https://ae04.alicdn.com/kf/Hf2266d92e1ab4af383b1075343331b65s.jpg,https://ae04.alicdn.com/kf/Hc530d81adb0f4609ae7365d424e8fce4P.jpg,",https://www.aliexpress.com/item/1005003368748248.html,4.39,2.37,20.00%,2098-12-31,46%,https://s.click.aliexpress.com/e/_9zlkCD
Swimwears,200001918,INGAGA Sexy Ribbed Bikinis Bandeau Women's Swimsuit 2021 High Waist Swimwear Solid Bathing Suits Push Up Beachwear Women's Suits,1005003367795816,https://ae01.alicdn.com/kf/Hd1e6b0342db8448b9699fbbe8aa8a291E/INGAGA-Sexy-Ribbed-Bikinis-Bandeau-Women-s-Swimsuit-2021-High-Waist-Swimwear-Solid-Bathing-Suits-Push.jpg_220x220.jpg,"https://ae04.alicdn.com/kf/Hd1e6b0342db8448b9699fbbe8aa8a291E.jpg,https://ae04.alicdn.com/kf/H268cb74798174f1d956b2b88b4f77f6fi.jpg,https://ae04.alicdn.com/kf/H30f53d404b4943be972f4607670b5ca0L.jpg,https://ae04.alicdn.com/kf/H1ab7035fbf804d50808f8235dcd0b8d4D.jpg,https://ae04.alicdn.com/kf/Ha277283076c849d4aeb4855176a2fd4fY.jpg,",https://www.aliexpress.com/item/1005003367795816.html,20.85,12.09,9.00%,2098-12-31,42%,https://s.click.aliexpress.com/e/_AKpStb
Swimwears,200001918,INGAGA Black Bikinis 2021 Sexy Ribbed Woman Swimsuits Double Strap Swimwear High Waist Biquini Deep V Beachwear Bathing Suits,1005003367975124,https://ae01.alicdn.com/kf/Hdbd6cbfb855d4f57915fa88173ee6b76F/INGAGA-Black-Bikinis-2021-Sexy-Ribbed-Woman-Swimsuits-Double-Strap-Swimwear-High-Waist-Biquini-Deep-V.jpg_220x220.jpg,"https://ae04.alicdn.com/kf/Hdbd6cbfb855d4f57915fa88173ee6b76F.jpg,https://ae04.alicdn.com/kf/Hcf60dabf4e0a47dea9987815a3df8553O.jpg,https://ae04.alicdn.com/kf/H1142e07c64df4a498026d20964ed1afaH.jpg,https://ae04.alicdn.com/kf/H0fb879bf51864ffcb03e1abb20c4aec9f.jpg,https://ae04.alicdn.com/kf/H199ccdae3fbd4592bf50ece6e5c9f4b2h.jpg,",https://www.aliexpress.com/item/1005003367975124.html,21.14,12.26,9.00%,2098-12-31,42%,https://s.click.aliexpress.com/e/_9QTBah
Swimwears,200001918,CUPSHE Pink Crochet Tassels Cover Up Sexy Cut Out V-Neck Side-tie Women 2021 New Summer Beach Dress Bathing Suit Beachwear,1005003367104282,https://ae01.alicdn.com/kf/Hbf55ba2acd0b4959889b3f1be19f6cb5q/CUPSHE-Pink-Crochet-Tassels-Cover-Up-Sexy-Cut-Out-V-Neck-Side-tie-Women-2021-New.jpg_220x220.jpg,"https://ae04.alicdn.com/kf/Hbf55ba2acd0b4959889b3f1be19f6cb5q.jpg,https://ae04.alicdn.com/kf/Hfa644e9ee0a2462e9215eb3265247308Z.jpg,https://ae04.alicdn.com/kf/H784fed0ee48c48ceb401eda8454ed6e4V.jpg,",https://www.aliexpress.com/item/1005003367104282.html,23.59,14.63,33.00%,2098-12-31,38%,https://s.click.aliexpress.com/e/_9Jh0NT
Swimwears,200001918,Plus Size Women Beach Dress Solid Black White Lace Beachwear Sun Protection Clothes Knitted Swimsuits Women Beach Cover Up S-3XL,1005003365298232,https://ae01.alicdn.com/kf/Ha871089819b544c59ceb336852ac2d7eZ/Plus-Size-Women-Beach-Dress-Solid-Black-White-Lace-Beachwear-Sun-Protection-Clothes-Knitted-Swimsuits-Women.jpg_220x220.jpg,"https://ae04.alicdn.com/kf/Ha871089819b544c59ceb336852ac2d7eZ.jpg,https://ae04.alicdn.com/kf/H5ef5b787d1a84868b4f76b7f3b97cccdi.jpg,https://ae04.alicdn.com/kf/H7d0c12d8d76042dba24016658780f5d4N.jpg,https://ae04.alicdn.com/kf/H9ee3de9abbb242e8a7ebeed1d7856a7dT.jpg,https://ae04.alicdn.com/kf/H5d2185ab24a8440e8ac5311c5cbbfd6dx.jpg,",https://www.aliexpress.com/item/1005003365298232.html,27.68,13.84,15.00%,2098-12-31,50%,https://s.click.aliexpress.com/e/_Ame2Fn
Swimwears,200001918,New Arrivals Elegant Summer Beach Dress Sexy Bikini Cover-ups Long White Tunic Casual Women Plus Size Beach Wear Swim Suits,1005003365371624,https://ae01.alicdn.com/kf/H23299f115b5741c78b54dad1ef74b040m/New-Arrivals-Elegant-Summer-Beach-Dress-Sexy-Bikini-Cover-ups-Long-White-Tunic-Casual-Women-Plus.jpg_220x220.jpg,"https://ae04.alicdn.com/kf/H23299f115b5741c78b54dad1ef74b040m.jpg,https://ae04.alicdn.com/kf/Hd54ad9710fef4750b9884375cd7664d2R.jpg,https://ae04.alicdn.com/kf/Hdcf0a659606241e4858f33d3ba3a2ae6D.jpg,https://ae04.alicdn.com/kf/Hc23eaa7fc85e418a9502f254bea452a6Y.jpg,https://ae04.alicdn.com/kf/H1673721adfb54b15a0a03de82c83d70bY.jpg,",https://www.aliexpress.com/item/1005003365371624.html,46.99,23.49,15.00%,2098-12-31,50%,https://s.click.aliexpress.com/e/_AB47VR
Swimwears,200001918,Cotton Tunics for Beach Women Swimsuit Cover-ups Woman Swimwear Beach Cover up Beachwear Mini Dress,1005003365425450,https://ae01.alicdn.com/kf/H3c93d5fe4ef54ffab08a6653584846a09/Cotton-Tunics-for-Beach-Women-Swimsuit-Cover-ups-Woman-Swimwear-Beach-Cover-up-Beachwear-Mini-Dress.jpg_220x220.jpg,"https://ae04.alicdn.com/kf/H3c93d5fe4ef54ffab08a6653584846a09.jpg,https://ae04.alicdn.com/kf/H2ebc47e062fb4224b20a04c14bb5aa70d.jpg,https://ae04.alicdn.com/kf/Ha910ac00ca734adc9ad4258158c8684c3.jpg,https://ae04.alicdn.com/kf/H8ee486a77917483da377f4ac7fc7df1fv.jpg,https://ae04.alicdn.com/kf/H5125184c3c244e568d0686467d5ec17cj.jpg,",https://www.aliexpress.com/item/1005003365425450.html,33.11,16.55,15.00%,2098-12-31,50%,https://s.click.aliexpress.com/e/_AfopTb
Swimwears,200001918,Summer Fashion Sexy Comfortable Women Beach Dress Solid Color Anti Sun Hollow Out Bikini Cover Up for Swimming Pool,1005003365174006,https://ae01.alicdn.com/kf/H330e389eaa8442fc95e51bd3a8267c34x/Summer-Fashion-Sexy-Comfortable-Women-Beach-Dress-Solid-Color-Anti-Sun-Hollow-Out-Bikini-Cover-Up.jpg_220x220.jpg,"https://ae04.alicdn.com/kf/H330e389eaa8442fc95e51bd3a8267c34x.jpg,https://ae04.alicdn.com/kf/Hb05beb254c60477bb7a0ed37a76f73064.jpg,https://ae04.alicdn.com/kf/Hc676df6585c5400292132b5567c15c9fk.jpg,https://ae04.alicdn.com/kf/H63a24848c22b4e5d85c9e24c75a663283.jpg,https://ae04.alicdn.com/kf/H09a8f13a20454043af8be4e07b292f54x.jpg,",https://www.aliexpress.com/item/1005003365174006.html,13.29,6.64,15.00%,2098-12-31,50%,https://s.click.aliexpress.com/e/_A4HIAN
Swimwears,200001918,2021 Crochet White Knitted Beach Cover up dress Tunic Long Pareos Bikinis Cover ups Swim Cover up Robe Plage Beachwear,1005003367389875,https://ae01.alicdn.com/kf/H0ce3de9bd57c42ecac5836b6532a012eX/2021-Crochet-White-Knitted-Beach-Cover-up-dress-Tunic-Long-Pareos-Bikinis-Cover-ups-Swim-Cover.jpg_220x220.jpg,"https://ae04.alicdn.com/kf/H0ce3de9bd57c42ecac5836b6532a012eX.jpg,https://ae04.alicdn.com/kf/H1c303cebbc9a4d48a10763796d09ab49E.jpg,https://ae04.alicdn.com/kf/H94598b2e2bf14f859077efb5766d063d4.jpg,https://ae04.alicdn.com/kf/H660e60554d1b47f7b695b6cdea7b3c1bQ.jpg,https://ae04.alicdn.com/kf/H61ea0d676b8b4f1bb0c482eb46d12722Q.jpg,",https://www.aliexpress.com/item/1005003367389875.html,20.60,11.95,33.00%,2098-12-31,42%,https://s.click.aliexpress.com/e/_9gRvu5
Swimwears,200001918,New Swimsuit 2021 European and Beautiful Women Sexy Split Bikini Eyes Print Swimsuit Bikini Swimming Suit for Women High Waist,1005003366218525,https://ae01.alicdn.com/kf/H93145f90fa5c4c8ea67ff867797f8949u/New-Swimsuit-2021-European-and-Beautiful-Women-Sexy-Split-Bikini-Eyes-Print-Swimsuit-Bikini-Swimming-Suit.jpg_220x220.jpg,"https://ae04.alicdn.com/kf/H93145f90fa5c4c8ea67ff867797f8949u.jpg,https://ae04.alicdn.com/kf/Hff319c7f021a4a1fbd5a17f5d81a163by.jpg,https://ae04.alicdn.com/kf/H0ff551d1588f491abc300d4ce5662323z.jpg,https://ae04.alicdn.com/kf/H452a3786f91d4fa3810057b0f1f7d1c9s.jpg,https://ae04.alicdn.com/kf/Hc1fc65e0e1fe4bdfbf9d488584ed8b16m.jpg,",https://www.aliexpress.com/item/1005003366218525.html,25.20,12.60,9.00%,2098-12-31,50%,https://s.click.aliexpress.com/e/_AmV5od
Swimwears,200001918,European and Beautiful Sexy Tie-dye Triangle Bag Bikini Split Small Fresh Swimsuit 2 Piece Set Women Swimming Suit for Women,1005003366151864,https://ae01.alicdn.com/kf/He287251afb8642b199e2f1c7a279ba39m/European-and-Beautiful-Sexy-Tie-dye-Triangle-Bag-Bikini-Split-Small-Fresh-Swimsuit-2-Piece-Set.jpg_220x220.jpg,"https://ae04.alicdn.com/kf/He287251afb8642b199e2f1c7a279ba39m.jpg,https://ae04.alicdn.com/kf/H1ce12fab5e9047f19935765a02c81e75W.jpg,https://ae04.alicdn.com/kf/H52bc070fee4c486eac2452b4e0589769X.jpg,https://ae04.alicdn.com/kf/H952b2ecc023c4697b2cc2be4a159ad9an.jpg,https://ae04.alicdn.com/kf/H0ab87dfb8e2b4ad99c77823d73f3c259j.jpg,",https://www.aliexpress.com/item/1005003366151864.html,25.20,12.60,9.00%,2098-12-31,50%,https://s.click.aliexpress.com/e/_ABjA6H
Swimwears,200001918,2017 European and American Cross Bikini Sexy Women's Split Swimsuit Black Swimwear Popular 2 Piece Sets Womens  Swimsuit Women,1005003366239231,https://ae01.alicdn.com/kf/Hac3d6b508ba94ee2adbf893c6a84baa5R/2017-European-and-American-Cross-Bikini-Sexy-Women-s-Split-Swimsuit-Black-Swimwear-Popular-2-Piece.jpg_220x220.jpg,"https://ae04.alicdn.com/kf/Hac3d6b508ba94ee2adbf893c6a84baa5R.jpg,https://ae04.alicdn.com/kf/H003e6b2e5c50463ca8027d2fa6324e76u.jpg,https://ae04.alicdn.com/kf/Hbf789120d4c34aaa83e21c028ee2dd65N.jpg,https://ae04.alicdn.com/kf/Hf97b833c13594e12b1bab0942607f8382.jpg,https://ae04.alicdn.com/kf/H18e1a38fe98546e5afb81d04fa8f27508.jpg,",https://www.aliexpress.com/item/1005003366239231.html,22.80,11.40,9.00%,2098-12-31,50%,https://s.click.aliexpress.com/e/_AMC0s1
Swimwears,200001918,Sexy Cut Out Women Dress Floral Printing Beach Coverups for Woman Skirt Cover Up Swimsuit Cover-Up Summer Long Sleeve Dresses,1005003326057970,https://ae01.alicdn.com/kf/H69371d7ea90e4beea07b069ceadc1735K/Sexy-Cut-Out-Women-Dress-Floral-Printing-Beach-Coverups-for-Woman-Skirt-Cover-Up-Swimsuit-Cover.jpg_220x220.jpg,"https://ae04.alicdn.com/kf/H69371d7ea90e4beea07b069ceadc1735K.jpg,https://ae04.alicdn.com/kf/H1fdb54a2ba314544997e068985ef9e3dV.jpg,https://ae04.alicdn.com/kf/H85544aad73734c4a88e230d8f55badecU.jpg,https://ae04.alicdn.com/kf/H919da00eb7004e729a7ebfb772743b2dG.jpg,https://ae04.alicdn.com/kf/H803b1bc0b14b43aaa8429ef93243c130P.jpg,",https://www.aliexpress.com/item/1005003326057970.html,19.89,16.91,9.00%,2098-12-31,15%,https://s.click.aliexpress.com/e/_AZZ70z
Swimwears,200001918,Beach Maxi Dress for Women Caftan Long Dresses Swimsuit Cover Up Sexy Luxury Robe Strapless Backless Ups Swimwear Designer,1005003326140677,https://ae01.alicdn.com/kf/H6990a2436b3b4834a9d7d4377972c296s/Beach-Maxi-Dress-for-Women-Caftan-Long-Dresses-Swimsuit-Cover-Up-Sexy-Luxury-Robe-Strapless-Backless.jpg_220x220.jpg,"https://ae04.alicdn.com/kf/H6990a2436b3b4834a9d7d4377972c296s.jpg,https://ae04.alicdn.com/kf/Hd587e675e99f4ef385bfc13992d58530k.jpg,https://ae04.alicdn.com/kf/Hde5876d4f6064c1ca24029555d3a4c91s.jpg,https://ae04.alicdn.com/kf/H89ec91686cd74dd69e2e79cadb055c8af.jpg,https://ae04.alicdn.com/kf/Hd177ab53bbae48d3947ea3054ac84bf3s.jpg,",https://www.aliexpress.com/item/1005003326140677.html,20.89,16.71,9.00%,2098-12-31,20%,https://s.click.aliexpress.com/e/_A5qvj3
Swimwears,200001918,2021 New European and American Ladies Sexy Solid Color Stitching One-piece Conservative Swimsuit Bikini Swimwear Women,1005003366133924,https://ae01.alicdn.com/kf/H714cc1629b76477c8031427e49dc7a1a2/2021-New-European-and-American-Ladies-Sexy-Solid-Color-Stitching-One-piece-Conservative-Swimsuit-Bikini-Swimwear.jpg_220x220.jpg,"https://ae04.alicdn.com/kf/H714cc1629b76477c8031427e49dc7a1a2.jpg,https://ae04.alicdn.com/kf/Ha058975a943b4df1861fc382dcd7cea4D.jpg,https://ae04.alicdn.com/kf/Hd2918b427764418f848e8263cec623fbg.jpg,https://ae04.alicdn.com/kf/H1a85d2f6599d4422a8307e7d8eacfa7ce.jpg,https://ae04.alicdn.com/kf/H0c8fedf0078a4ffbaf5c10547d39fc68r.jpg,",https://www.aliexpress.com/item/1005003366133924.html,26.40,13.20,9.00%,2098-12-31,50%,https://s.click.aliexpress.com/e/_AgL2el
Swimwears,200001918,Women's Dress Blue Plaid Long Sleeve Beach Cover Up for Woman Vintage O-neck Mini Skirt Swimwear Coverup Chiffon Summer Caftan,1005003365605965,https://ae01.alicdn.com/kf/He10ae46ecaf14fd8a07b31d7ca45051df/Women-s-Dress-Blue-Plaid-Long-Sleeve-Beach-Cover-Up-for-Woman-Vintage-O-neck-Mini.jpg_220x220.jpg,"https://ae04.alicdn.com/kf/He10ae46ecaf14fd8a07b31d7ca45051df.jpg,https://ae04.alicdn.com/kf/H1a81c038904d4bfba61d58542ffff0403.jpg,https://ae04.alicdn.com/kf/Hd0917b8d93ee4ec498ce65b4ddd20aa4p.jpg,https://ae04.alicdn.com/kf/Haff03e75eb994d13afa47322aa40d36bX.jpg,https://ae04.alicdn.com/kf/Hf4825089fa3240c08c46396de80e095d3.jpg,",https://www.aliexpress.com/item/1005003365605965.html,21.89,21.01,9.00%,2098-12-31,4%,https://s.click.aliexpress.com/e/_ASuexf
Swimwears,200001918,Women's Dress Sexy Casual Long Dresses Gothic Woman Striped Halter Robe Beach Cover Up Swimwear Backless Coverup Chiffon TW13,1005003365631587,https://ae01.alicdn.com/kf/Hea0980026670452a80815cd4068d46f4I/Women-s-Dress-Sexy-Casual-Long-Dresses-Gothic-Woman-Striped-Halter-Robe-Beach-Cover-Up-Swimwear.jpg_220x220.jpg,"https://ae04.alicdn.com/kf/Hea0980026670452a80815cd4068d46f4I.jpg,https://ae04.alicdn.com/kf/H3af6901b52e64d98bc3ee306e565f53bI.jpg,https://ae04.alicdn.com/kf/Hb9a500fa474649e598d49ceef826cc2cH.jpg,https://ae04.alicdn.com/kf/Hd50d0eaf5f474b25a2717819f7b1a40e5.jpg,https://ae04.alicdn.com/kf/H53c013ae23cc4b96b08b0f7185c6d9d5D.jpg,",https://www.aliexpress.com/item/1005003365631587.html,19.89,16.31,9.00%,2098-12-31,18%,https://s.click.aliexpress.com/e/_AP1z9f
Swimwears,200001918,Newest Summer Sexy Bikini 2020 Swimwear Women Beach Wear Swimsuit Print Tube Top Cross Bathing Suits Micro Bikini Set Biquini XL,1005003365337117,https://ae01.alicdn.com/kf/He7927a1edf2148b887590564c9996230L/Newest-Summer-Sexy-Bikini-2020-Swimwear-Women-Beach-Wear-Swimsuit-Print-Tube-Top-Cross-Bathing-Suits.jpg_220x220.jpg,"https://ae04.alicdn.com/kf/He7927a1edf2148b887590564c9996230L.jpg,https://ae04.alicdn.com/kf/Hc6a77ecc6b8f4bad8464e0ff21037a31B.jpg,https://ae04.alicdn.com/kf/Hcb41e632b92c44b4ace2e75d4a40b228B.jpg,https://ae04.alicdn.com/kf/H76c20e3d47004d3e8263b02d94e71cb6z.jpg,https://ae04.alicdn.com/kf/Hbfa14c446ed4410294bf57441abf7cceo.jpg,",https://www.aliexpress.com/item/1005003365337117.html,40.40,20.20,40.00%,2098-12-31,50%,https://s.click.aliexpress.com/e/_AcNXMH
Swimwears,200001918,Sensual Female Beach Dress Transparent Kimono Lace Boho Casual Long Robe Cardigan Maxi Cover Up Swimwear Coverup Black White,1005003334798095,https://ae01.alicdn.com/kf/Hdf3d483fe1d74b11bdbc6bab2067929ev/Sensual-Female-Beach-Dress-Transparent-Kimono-Lace-Boho-Casual-Long-Robe-Cardigan-Maxi-Cover-Up-Swimwear.jpg_220x220.jpg,"https://ae04.alicdn.com/kf/Hdf3d483fe1d74b11bdbc6bab2067929ev.jpg,https://ae04.alicdn.com/kf/H39515f8bfecd4a9ea8ebb359ee948ae1p.jpg,https://ae04.alicdn.com/kf/Hec883750aa6747ffac93b72dca6e2e226.jpg,https://ae04.alicdn.com/kf/H4105d438b1e24420845563c1e1d8fb87U.jpg,https://ae04.alicdn.com/kf/Hc8851145d4f04af782945b01128d60ccN.jpg,",https://www.aliexpress.com/item/1005003334798095.html,19.89,15.71,9.00%,2098-12-31,21%,https://s.click.aliexpress.com/e/_9AEHfF
Swimwears,200001918,Leopard Bikini Set 2021 Push Up Bikinis Sexy Swimsuit For Women Swimwear Brazilian Biquini Thong Bathing Suit Swimming Suits,1005003365266398,https://ae01.alicdn.com/kf/Hcd72bdac2b4540e0bbe7dff32f1df540L/Leopard-Bikini-Set-2021-Push-Up-Bikinis-Sexy-Swimsuit-For-Women-Swimwear-Brazilian-Biquini-Thong-Bathing.jpg_220x220.jpg,"https://ae04.alicdn.com/kf/Hcd72bdac2b4540e0bbe7dff32f1df540L.jpg,https://ae04.alicdn.com/kf/H5af1d26b1e2840a1bebed6668056e7aam.jpg,https://ae04.alicdn.com/kf/H089e04897e9849ddb35497fe71f0265ba.jpg,https://ae04.alicdn.com/kf/He3b8c738542b47cbbc554234d74ed4d0f.jpg,https://ae04.alicdn.com/kf/Hb0b718458a294e0abef0ebc1d624355bW.jpg,",https://www.aliexpress.com/item/1005003365266398.html,45.18,22.59,40.00%,2098-12-31,50%,https://s.click.aliexpress.com/e/_A9dEIl
Swimwears,200001918,Bandage Bikinis 2021 Sexy Women Swimsuit Female  Swimwear Female Solid Bikini Set Thong Bathing Suit Biquini Swimming Beachwear,1005003365243321,https://ae01.alicdn.com/kf/H7e34aaa679594c00a55bccedd813cacdG/Bandage-Bikinis-2021-Sexy-Women-Swimsuit-Female-Swimwear-Female-Solid-Bikini-Set-Thong-Bathing-Suit-Biquini.jpg_220x220.jpg,"https://ae04.alicdn.com/kf/H7e34aaa679594c00a55bccedd813cacdG.jpg,https://ae04.alicdn.com/kf/Hdd27c8e3a4d84880acb0cd0e6a644b0aI.jpg,https://ae04.alicdn.com/kf/Hae24dfc526484996955b0804fd4666a2G.jpg,https://ae04.alicdn.com/kf/H37f09f81f4f94b629c7ca415a09dca2eD.jpg,https://ae04.alicdn.com/kf/H2f912f1e6c9549c3a78d2e936c71a6d8t.jpg,",https://www.aliexpress.com/item/1005003365243321.html,48.54,24.27,40.00%,2098-12-31,50%,https://s.click.aliexpress.com/e/_AFnmad
Swimwears,200001918,Women Dress Apricot Boho Summer Hollow-Out Mini Cover-ups Sexy Backless Beach Cover Ups Swimsuit Beachwear Female Coverup Dress,1005003364517995,https://ae01.alicdn.com/kf/H33d0c4e01c7d427689fa4a0f387fc3a4G/Women-Dress-Apricot-Boho-Summer-Hollow-Out-Mini-Cover-ups-Sexy-Backless-Beach-Cover-Ups-Swimsuit.jpg_220x220.jpg,"https://ae04.alicdn.com/kf/H33d0c4e01c7d427689fa4a0f387fc3a4G.jpg,https://ae04.alicdn.com/kf/H0fb8830611b7494fb4e09411cd1ab4e1f.jpg,https://ae04.alicdn.com/kf/H556c2c49e97d4a75ad33fcba3fa8fb43p.jpg,https://ae04.alicdn.com/kf/Ha49a7ac4176a4f4d8ff82bae23ca26d9X.jpg,https://ae04.alicdn.com/kf/Hbee9fd661c64453ba7200491023643a0q.jpg,",https://www.aliexpress.com/item/1005003364517995.html,9.99,7.79,9.00%,2098-12-31,22%,https://s.click.aliexpress.com/e/_AsgtE1
Swimwears,200001918,Swimwear Woman Swimsuit Sexy Bikini 2021 New Push Up Bikini Set Bathing Suit Women Print Floral Beachwear Biquini Two Piece Suit,1005003365246916,https://ae01.alicdn.com/kf/H6bd8d76f1faa49a49a28e4882dfc89cd2/Swimwear-Woman-Swimsuit-Sexy-Bikini-2021-New-Push-Up-Bikini-Set-Bathing-Suit-Women-Print-Floral.jpg_220x220.jpg,"https://ae04.alicdn.com/kf/H6bd8d76f1faa49a49a28e4882dfc89cd2.jpg,https://ae04.alicdn.com/kf/Hf4d4cf8490b64497a95be69a5939ffbez.jpg,https://ae04.alicdn.com/kf/H4c88f34389be47eabc6e5df85d9bdc8ct.jpg,https://ae04.alicdn.com/kf/Ha5c62081bba04e92aac3271028c67330g.jpg,https://ae04.alicdn.com/kf/H5df8c1a000a240cbbf82ad25d01d4978p.jpg,",https://www.aliexpress.com/item/1005003365246916.html,41.82,20.91,40.00%,2098-12-31,50%,https://s.click.aliexpress.com/e/_9GwM4t
Swimwears,200001918,Mini Beach Dress for Women Lace Tunic Swimsuit Crochet Cape Floral White Beachwear Transparent Boho Casual Cover Up Swimwear,1005003334751669,https://ae01.alicdn.com/kf/H53a50ab5ce834621ab7ac479a5120e11T/Mini-Beach-Dress-for-Women-Lace-Tunic-Swimsuit-Crochet-Cape-Floral-White-Beachwear-Transparent-Boho-Casual.jpg_220x220.jpg,"https://ae04.alicdn.com/kf/H53a50ab5ce834621ab7ac479a5120e11T.jpg,https://ae04.alicdn.com/kf/Hb92d4c91fef44334ba1354fba3a28c65Y.jpg,https://ae04.alicdn.com/kf/H507a3c7a5c734ce48fd8c1fc7d4eb4a3A.jpg,https://ae04.alicdn.com/kf/H7822b26e78324cb98651bc2e5bf5c319M.jpg,https://ae04.alicdn.com/kf/H056e23893ed64307a3e1a4912e692b7c1.jpg,",https://www.aliexpress.com/item/1005003334751669.html,16.89,13.34,9.00%,2098-12-31,21%,https://s.click.aliexpress.com/e/_AW3U2z
Swimwears,200001918,Sexy Bikini 2021 New High Waist Swimwear Women Leopard Solid Bikini Set Swimsuit Female Brazilian Beachwear Bathing Suit Biquini,1005003365247895,https://ae01.alicdn.com/kf/H86aaf43fc19b4f8c92e336754e747abch/Sexy-Bikini-2021-New-High-Waist-Swimwear-Women-Leopard-Solid-Bikini-Set-Swimsuit-Female-Brazilian-Beachwear.jpg_220x220.jpg,"https://ae04.alicdn.com/kf/H86aaf43fc19b4f8c92e336754e747abch.jpg,https://ae04.alicdn.com/kf/H873d047785e9450493e90096a283605eF.jpg,https://ae04.alicdn.com/kf/H12c746d0523840abbc7a20472650558c6.jpg,https://ae04.alicdn.com/kf/H86fc636c2e804e5881361bae6448001d2.jpg,https://ae04.alicdn.com/kf/H32b9557ce2dc46018c384de7b7c82491N.jpg,",https://www.aliexpress.com/item/1005003365247895.html,47.59,23.79,40.00%,2098-12-31,50%,https://s.click.aliexpress.com/e/_9x8aJX
Swimwears,200001918,Push Up Bikini 2021 Swimwear Women Ruffle Sexy Bikinis Set Swimsuit Beachwear Low Waist Solid Bathing Suit Biquini Two Piece XL,1005003365272785,https://ae01.alicdn.com/kf/He5d8d1e5cff7415c920bdc6619b43ed1N/Push-Up-Bikini-2021-Swimwear-Women-Ruffle-Sexy-Bikinis-Set-Swimsuit-Beachwear-Low-Waist-Solid-Bathing.jpg_220x220.jpg,"https://ae04.alicdn.com/kf/He5d8d1e5cff7415c920bdc6619b43ed1N.jpg,https://ae04.alicdn.com/kf/Hb2bdf46527b74c7a896eff1354724b9cu.jpg,https://ae04.alicdn.com/kf/H82706508c40f4141bfbf2ae0bccfbd8aj.jpg,https://ae04.alicdn.com/kf/H4785b98ba35a460e8db1a623c20e635cc.jpg,https://ae04.alicdn.com/kf/Hcfb7ad3beede45548f60b3aac07f805bQ.jpg,",https://www.aliexpress.com/item/1005003365272785.html,42.16,21.08,40.00%,2098-12-31,50%,https://s.click.aliexpress.com/e/_ApQiV3
Swimwears,200001918,Solid Swimwear Women Sexy Bikini 2021 New Micro Swimsuit Push Up Bikinis Set Striped Bathing Suit Beachwear Biquini Two Piece XL,1005003365256815,https://ae01.alicdn.com/kf/Hee3ed77a7b5543ed8bb8d031e329f7dar/Solid-Swimwear-Women-Sexy-Bikini-2021-New-Micro-Swimsuit-Push-Up-Bikinis-Set-Striped-Bathing-Suit.jpg_220x220.jpg,"https://ae04.alicdn.com/kf/Hee3ed77a7b5543ed8bb8d031e329f7dar.jpg,https://ae04.alicdn.com/kf/H6b4bef3147c1414fa2fd74eae3e589fep.jpg,https://ae04.alicdn.com/kf/Hbf7e12d2e8224f9e9d667843b6c563865.jpg,https://ae04.alicdn.com/kf/Hc8a47c9596b04f3dbb5a7e377e80a01cS.jpg,https://ae04.alicdn.com/kf/Hff8b8f05207c4f76946ff32b8e6ca638o.jpg,",https://www.aliexpress.com/item/1005003365256815.html,42.02,21.01,40.00%,2098-12-31,50%,https://s.click.aliexpress.com/e/_A34lK1
Swimwears,200001918,Bandeau Bikinis 2020 Micro Biquini Thong Women Swimsuit Female Swimwear Women Bikini Set Bathing Suit Sexy Swimming Suit Push Up,1005003365043432,https://ae01.alicdn.com/kf/H863ce5e2109c4f1991cc92a0fe649333L/Bandeau-Bikinis-2020-Micro-Biquini-Thong-Women-Swimsuit-Female-Swimwear-Women-Bikini-Set-Bathing-Suit-Sexy.jpg_220x220.jpg,"https://ae04.alicdn.com/kf/H863ce5e2109c4f1991cc92a0fe649333L.jpg,https://ae04.alicdn.com/kf/Ha5f1754550ad48b9b63668a5b5228a4cB.jpg,https://ae04.alicdn.com/kf/He024ea6ddd6048a4838b3e83ba7fda82t.jpg,https://ae04.alicdn.com/kf/H7fed6c78a0e1472590af995b8860643aP.jpg,https://ae04.alicdn.com/kf/H1ce641229a9345cbb4ac5ed67b826a67g.jpg,",https://www.aliexpress.com/item/1005003365043432.html,48.54,24.27,40.00%,2098-12-31,50%,https://s.click.aliexpress.com/e/_AWwRZJ
Swimwears,200001918,Newest Summer Sexy Bikini 2020 Swimwear Women Beach Wear Swimsuit Print Tube Top Cross Bathing Suits Micro Bikini Set Biquini XL,1005003365069694,https://ae01.alicdn.com/kf/Ha13d6fe3db8f49419616531d54f90b69Z/Newest-Summer-Sexy-Bikini-2020-Swimwear-Women-Beach-Wear-Swimsuit-Print-Tube-Top-Cross-Bathing-Suits.jpg_220x220.jpg,"https://ae04.alicdn.com/kf/Ha13d6fe3db8f49419616531d54f90b69Z.jpg,https://ae04.alicdn.com/kf/H4bb7f1fc9d004e2e8c4f96089d7473b0l.jpg,https://ae04.alicdn.com/kf/H445fe16edd23421ebe12b6974901ac7eF.jpg,https://ae04.alicdn.com/kf/H611bf1bfd3e14523b0b78a0a1187b3021.jpg,https://ae04.alicdn.com/kf/Hf2b08bbf47b94833af7f4cab7d24e798R.jpg,",https://www.aliexpress.com/item/1005003365069694.html,40.40,20.20,40.00%,2098-12-31,50%,https://s.click.aliexpress.com/e/_9InHDX
Swimwears,200001918,Push Up Bikini 2021 Mujer New Swimwear Women Swimsuit Micro Bikinis Set Bathing Suit Brazilian Beachwear Biquini Two Piece Suits,1005003365262760,https://ae01.alicdn.com/kf/H65117bb662064bd2bf34b1abb59572cfR/Push-Up-Bikini-2021-Mujer-New-Swimwear-Women-Swimsuit-Micro-Bikinis-Set-Bathing-Suit-Brazilian-Beachwear.jpg_220x220.jpg,"https://ae04.alicdn.com/kf/H65117bb662064bd2bf34b1abb59572cfR.jpg,https://ae04.alicdn.com/kf/Hd200b44663cb455dae2f678b54b097d1b.jpg,https://ae04.alicdn.com/kf/Hb01e36b86e524c19963379cf518c36e9f.jpg,https://ae04.alicdn.com/kf/Ha463aea9199240a881daead507b44d82E.jpg,https://ae04.alicdn.com/kf/H0de15a62ab99482cb9e0a7a9bffc9a4fd.jpg,",https://www.aliexpress.com/item/1005003365262760.html,45.55,22.77,40.00%,2098-12-31,50%,https://s.click.aliexpress.com/e/_A98WnB
Swimwears,200001918,Push Up Leopard Print Bikinis Set Swimwear Women 2021 New Sexy Bikini Micro Swimsuit Female Bathing Suit Biquini Beachwear XL,1005003365315528,https://ae01.alicdn.com/kf/He2fbac8ffa2748638af57631f4c66a1cZ/Push-Up-Leopard-Print-Bikinis-Set-Swimwear-Women-2021-New-Sexy-Bikini-Micro-Swimsuit-Female-Bathing.jpg_220x220.jpg,"https://ae04.alicdn.com/kf/He2fbac8ffa2748638af57631f4c66a1cZ.jpg,https://ae04.alicdn.com/kf/H452357009a4549c68e89f0b65cb5aedaX.jpg,https://ae04.alicdn.com/kf/H2a499085fb8f4cf7aa49ddd36eb9b1fdX.jpg,https://ae04.alicdn.com/kf/H7b7241508c114974961a9c0e19779318T.jpg,https://ae04.alicdn.com/kf/Hdbc3b0e2cc2f4105b66de2eeae03c7985.jpg,",https://www.aliexpress.com/item/1005003365315528.html,42.66,21.33,40.00%,2098-12-31,50%,https://s.click.aliexpress.com/e/_AKdhzf
Swimwears,200001918,Push Up Bikini 2021 New Sexy Swimwear Women Bathing Suit Bikini Set Swimsuit Female Print Floral Biquini Two Piece Set Swimming,1005003365279627,https://ae01.alicdn.com/kf/H985fa794983243ea9c974ae02bfefa31y/Push-Up-Bikini-2021-New-Sexy-Swimwear-Women-Bathing-Suit-Bikini-Set-Swimsuit-Female-Print-Floral.jpg_220x220.jpg,"https://ae04.alicdn.com/kf/H985fa794983243ea9c974ae02bfefa31y.jpg,https://ae04.alicdn.com/kf/H85a0bf7ba7d442b4a7ad426d47ebde079.jpg,https://ae04.alicdn.com/kf/H73ee94b18dce4a8ba7194dcc2b35fb0fI.jpg,https://ae04.alicdn.com/kf/Hbba40d47e54b468db36ecad94cc2c692x.jpg,https://ae04.alicdn.com/kf/Ha130d2789b42455f89bac23320dbb328v.jpg,",https://www.aliexpress.com/item/1005003365279627.html,48.63,24.31,40.00%,2098-12-31,50%,https://s.click.aliexpress.com/e/_Adha2d
Swimwears,200001918,Swimsuit Women Bikinis 2021 Sexy Tube Top High Waist Bikini Set Striped Female Swimwear Biquini Bathing Suit Brazilian Beachwear,1005003365262842,https://ae01.alicdn.com/kf/H6a93a144d208442d90afbfa456b9b118H/Swimsuit-Women-Bikinis-2021-Sexy-Tube-Top-High-Waist-Bikini-Set-Striped-Female-Swimwear-Biquini-Bathing.jpg_220x220.jpg,"https://ae04.alicdn.com/kf/H6a93a144d208442d90afbfa456b9b118H.jpg,https://ae04.alicdn.com/kf/H8962fd991e06427db9234e5144213b20d.jpg,https://ae04.alicdn.com/kf/Hebaaa47f46954c36b827a5763f095c4cc.jpg,https://ae04.alicdn.com/kf/H07bd785b78494bd3a7e9f4bb2fe8ab34Q.jpg,https://ae04.alicdn.com/kf/H27badb32e4fc4669a56cabe5aa9afcf3K.jpg,",https://www.aliexpress.com/item/1005003365262842.html,55.15,27.57,40.00%,2098-12-31,50%,https://s.click.aliexpress.com/e/_AkSWH3
Swimwears,200001918,Sexy Swimwear 2021 New Micro Bikinis Floral Print Swimsuit Push Up Bikini Set Lace Up Bathing Suit Brazilian Beachwear Biquini,1005003365382135,https://ae01.alicdn.com/kf/H73383efc326848dabe646b6946ba3becG/Sexy-Swimwear-2021-New-Micro-Bikinis-Floral-Print-Swimsuit-Push-Up-Bikini-Set-Lace-Up-Bathing.jpg_220x220.jpg,"https://ae04.alicdn.com/kf/H73383efc326848dabe646b6946ba3becG.jpg,https://ae04.alicdn.com/kf/Hf30d21a4bcef4c0aaf6af587678f3187L.jpg,https://ae04.alicdn.com/kf/Hf84d84ebfd6a4ce091e4616e19a51862l.jpg,https://ae04.alicdn.com/kf/H054d14be5e124550bb3e3dd0956eb2225.jpg,https://ae04.alicdn.com/kf/He7fa57e14656498fa8f9717574dee839l.jpg,",https://www.aliexpress.com/item/1005003365382135.html,41.26,20.63,40.00%,2098-12-31,50%,https://s.click.aliexpress.com/e/_AttG1L
Swimwears,200001918,Push Up Bikini 2021 Micro New Swimwear Women Sexy Bikinis Set Swimsuit Female Bathing Suit Beachwear Backless High Waist Biquini,1005003365326500,https://ae01.alicdn.com/kf/Hfc7635ac97144dd59955aef44d547866G/Push-Up-Bikini-2021-Micro-New-Swimwear-Women-Sexy-Bikinis-Set-Swimsuit-Female-Bathing-Suit-Beachwear.jpg_220x220.jpg,"https://ae04.alicdn.com/kf/Hfc7635ac97144dd59955aef44d547866G.jpg,https://ae04.alicdn.com/kf/Hd58413b1512c4d4097c3265a3f27653bQ.jpg,https://ae04.alicdn.com/kf/H2aa721f297714c18a9cb9f12f75822b5C.jpg,https://ae04.alicdn.com/kf/Hcb5ae557ab2448b7bf66176fa1b487e1T.jpg,https://ae04.alicdn.com/kf/H7a2344d73df34f37ace25b3d8b19770bg.jpg,",https://www.aliexpress.com/item/1005003365326500.html,43.45,21.72,40.00%,2098-12-31,50%,https://s.click.aliexpress.com/e/_9fOoUt
Swimwears,200001918,Push Up Micro Bikinis 2021 New Swimsuit Swimwea Women Floral Brazilian Bathing Suit Swimming Bikini Set Biquini Two Piece Summer,1005003365374161,https://ae01.alicdn.com/kf/H5433ef6e15d045f0acfcfb82c7968290b/Push-Up-Micro-Bikinis-2021-New-Swimsuit-Swimwea-Women-Floral-Brazilian-Bathing-Suit-Swimming-Bikini-Set.jpg_220x220.jpg,"https://ae04.alicdn.com/kf/H5433ef6e15d045f0acfcfb82c7968290b.jpg,https://ae04.alicdn.com/kf/Heea15e415f204dfd81e53579dbf8052dT.jpg,https://ae04.alicdn.com/kf/H9382b7db171d4543a648b5df28e97f4as.jpg,https://ae04.alicdn.com/kf/H924ece8af529460f8941e9b8f9387363w.jpg,https://ae04.alicdn.com/kf/H0a8f3e18b634469695c3549ea7477819N.jpg,",https://www.aliexpress.com/item/1005003365374161.html,45.44,22.72,40.00%,2098-12-31,50%,https://s.click.aliexpress.com/e/_A0HsSz
Swimwears,200001918,Swimsuit Striped Sexy Bikini 2021 Swimwear Women Push Up Bikini Set Brazilian Beachwear Bathing Suit High Waist Biquini Summer,1005003364954135,https://ae01.alicdn.com/kf/Hfe044e63c8264e5392aa38f68ffdb148u/Swimsuit-Striped-Sexy-Bikini-2021-Swimwear-Women-Push-Up-Bikini-Set-Brazilian-Beachwear-Bathing-Suit-High.jpg_220x220.jpg,"https://ae04.alicdn.com/kf/Hfe044e63c8264e5392aa38f68ffdb148u.jpg,https://ae04.alicdn.com/kf/H365e98e4ecad4fc49c27e5ecfd027509U.jpg,https://ae04.alicdn.com/kf/Hc319c9fbe2254221b6e7d90bde54af4ft.jpg,https://ae04.alicdn.com/kf/H7f6e154d63684059bf043f6c5b21bd28t.jpg,https://ae04.alicdn.com/kf/H0067ca82fde24fd88a9493e58cc5bd6dS.jpg,",https://www.aliexpress.com/item/1005003364954135.html,46.16,23.08,40.00%,2098-12-31,50%,https://s.click.aliexpress.com/e/_A0FLeZ
Swimwears,200001918,Sexy Bikini 2021 Push Up Bikini Set Pink Swimwear Women Micro Swimsuit Female Bandage Biquini Beach Wear Swimming Two-Piece XL,1005003365333393,https://ae01.alicdn.com/kf/Hbff5fa1722044ef094124975e8d23989G/Sexy-Bikini-2021-Push-Up-Bikini-Set-Pink-Swimwear-Women-Micro-Swimsuit-Female-Bandage-Biquini-Beach.jpg_220x220.jpg,"https://ae04.alicdn.com/kf/Hbff5fa1722044ef094124975e8d23989G.jpg,https://ae04.alicdn.com/kf/H9d4948d4e40648bba1deb629841b9060L.jpg,https://ae04.alicdn.com/kf/H5c97b20b9ebb4b30bb0b489c8dbc566ba.jpg,https://ae04.alicdn.com/kf/He1db738e3df6416dad23ca8e753ce5b3z.jpg,https://ae04.alicdn.com/kf/Had340ae25406439f95553214ae09c5a0r.jpg,",https://www.aliexpress.com/item/1005003365333393.html,42.47,21.23,40.00%,2098-12-31,50%,https://s.click.aliexpress.com/e/_9yRL8H
